month,strategy,events,precisionAt5,recallAt5,ndcgAt5,hitRateAt1,meanRegret,affinityMae,calibrationError,correctTopRate,rejectedTopRate,falseConfidenceRate,meanTopAffinity,catalogCoverage
1,popularity,35915,0.1957,0.1957,0.194,0.1876,27.4273,,,0.3251,0.3612,,,0.3111
1,onboarding,35915,0.6641,0.6641,0.6956,0.7922,6.2298,10.0599,0.0334,0.8557,0.0163,0.0133,88.9179,1
1,hybrid,35915,0.6685,0.6685,0.6997,0.7945,6.1614,10.0803,0.0375,0.8562,0.0155,0.0127,89.3777,1
1,candidate,35915,0.6685,0.6685,0.6997,0.7945,6.1614,8.4321,0.0161,0.8562,0.0155,0.0094,84.3889,1
1,oracle,35915,1,1,1,1,0,0,0.1227,0.9933,0,0,87.9656,1
2,popularity,34787,0.1932,0.1932,0.191,0.1824,27.7926,,,0.3166,0.3678,,,0.3167
2,onboarding,34787,0.6638,0.6638,0.6945,0.7868,6.3024,10.1819,0.0415,0.8486,0.0156,0.0129,89.008,1
2,hybrid,34787,0.673,0.673,0.7033,0.7946,6.0988,10.2769,0.0484,0.8517,0.0137,0.0119,90.004,1
2,candidate,34787,0.673,0.673,0.7033,0.7946,6.0988,9.1434,0.0199,0.8517,0.0137,0.01,87.1542,1
2,oracle,34787,1,1,1,1,0,0,0.1229,0.9929,0,0,87.9573,1
3,popularity,35827,0.1928,0.1928,0.1909,0.1837,27.7133,,,0.3187,0.3621,,,0.3056
3,onboarding,35827,0.6645,0.6645,0.6951,0.7851,6.2966,10.0529,0.0378,0.8516,0.0151,0.0121,88.946,1
3,hybrid,35827,0.6735,0.6735,0.7041,0.7956,5.9853,10.2627,0.046,0.8576,0.0131,0.0109,90.3545,1
3,candidate,35827,0.6735,0.6735,0.7041,0.7956,5.9853,9.5395,0.028,0.8576,0.0131,0.0095,88.5615,1
3,oracle,35827,1,1,1,1,0,0,0.122,0.9926,0,0,88.0584,1
4,popularity,34425,0.1953,0.1953,0.1931,0.1845,27.5881,,,0.3219,0.3594,,,0.2944
4,onboarding,34425,0.6648,0.6648,0.6956,0.7892,6.2362,10.028,0.035,0.855,0.0144,0.0114,88.9902,1
4,hybrid,34425,0.6752,0.6752,0.7068,0.8029,5.8834,10.2937,0.0458,0.8605,0.0117,0.0098,90.6248,1
4,candidate,34425,0.6752,0.6752,0.7068,0.8029,5.8834,9.7461,0.033,0.8605,0.0117,0.0088,89.3418,1
4,oracle,34425,1,1,1,1,0,0,0.122,0.993,0,0,88.0424,1
5,popularity,35924,0.1947,0.1947,0.1925,0.1828,27.6233,,,0.3212,0.3615,,,0.3
5,onboarding,35924,0.663,0.663,0.6942,0.7888,6.2738,10.0854,0.0363,0.8534,0.0158,0.0127,88.9757,1
5,hybrid,35924,0.6759,0.6759,0.7077,0.8046,5.8658,10.4006,0.0478,0.8599,0.0128,0.0111,90.7642,1
5,candidate,35924,0.6759,0.6759,0.7077,0.8046,5.8658,9.9644,0.0378,0.8599,0.0128,0.0101,89.7689,1
5,oracle,35924,1,1,1,1,0,0,0.1222,0.9943,0,0,87.9794,1
6,popularity,34517,0.1944,0.1944,0.1925,0.1839,27.6765,,,0.3215,0.3625,,,0.3167
6,onboarding,34517,0.6663,0.6663,0.697,0.7909,6.1953,10.0017,0.0341,0.8555,0.0164,0.0125,88.9627,1
6,hybrid,34517,0.6788,0.6788,0.7109,0.8087,5.7144,10.3127,0.0443,0.8649,0.0125,0.0107,90.9235,1
6,candidate,34517,0.6788,0.6788,0.7109,0.8087,5.7144,9.9641,0.0363,0.8649,0.0125,0.0103,90.1209,1
6,oracle,34517,1,1,1,1,0,0,0.1222,0.9928,0,0,88.0309,1
7,popularity,34824,0.1985,0.1985,0.1961,0.1865,27.5093,,,0.3219,0.3594,,,0.3
7,onboarding,34824,0.6649,0.6649,0.6962,0.791,6.2606,10.0104,0.0368,0.8528,0.0158,0.013,88.9672,1
7,hybrid,34824,0.68,0.68,0.7115,0.8068,5.7551,10.4162,0.0484,0.8618,0.0117,0.0102,91.0162,1
7,candidate,34824,0.68,0.68,0.7115,0.8068,5.7551,10.0977,0.0417,0.8618,0.0117,0.0097,90.3501,1
7,oracle,34824,1,1,1,1,0,0,0.1225,0.9937,0,0,87.9719,1
8,popularity,35698,0.1952,0.1952,0.1937,0.1876,27.474,,,0.3174,0.3671,,,0.2944
8,onboarding,35698,0.6536,0.6536,0.6836,0.7755,6.6008,10.5578,0.0496,0.8406,0.0195,0.0157,89.0182,1
8,hybrid,35698,0.6685,0.6685,0.6997,0.7968,6.0718,10.9701,0.0595,0.8519,0.0159,0.0144,91.1415,1
8,candidate,35698,0.6685,0.6685,0.6997,0.7968,6.0718,10.6862,0.054,0.8519,0.0159,0.0137,90.5959,1
8,oracle,35698,1,1,1,1,0,0,0.126,0.992,0,0,87.6752,1
9,popularity,34647,0.1966,0.1966,0.1949,0.1881,27.3524,,,0.3108,0.3692,,,0.3
9,onboarding,34647,0.6421,0.6421,0.6711,0.7599,7.0548,11.2097,0.0734,0.8165,0.0264,0.0222,88.9956,1
9,hybrid,34647,0.6583,0.6583,0.6888,0.782,6.4617,11.6539,0.0829,0.829,0.0222,0.0207,91.1928,1
9,candidate,34647,0.6583,0.6583,0.6888,0.782,6.4617,11.4089,0.0783,0.829,0.0222,0.0203,90.7363,1
9,oracle,34647,1,1,1,1,0,0,0.1302,0.9886,0,0,87.3706,1
10,popularity,35725,0.1957,0.1957,0.1936,0.1852,27.4024,,,0.3023,0.3765,,,0.3056
10,onboarding,35725,0.6377,0.6377,0.6671,0.7568,7.0931,11.4718,0.0802,0.8099,0.0305,0.0267,89.0153,1
10,hybrid,35725,0.6537,0.6537,0.6841,0.7771,6.571,12.0502,0.0926,0.8199,0.0265,0.0248,91.2488,1
10,candidate,35725,0.6537,0.6537,0.6841,0.7771,6.571,11.8499,0.0888,0.8199,0.0265,0.0247,90.8722,1
10,oracle,35725,1,1,1,1,0,0,0.1342,0.9849,0,0,87.0874,1
11,popularity,34709,0.1961,0.1961,0.195,0.1901,27.23,,,0.3063,0.3738,,,0.3056
11,onboarding,34709,0.6387,0.6387,0.6671,0.7542,7.1827,11.5854,0.0882,0.8016,0.0308,0.0265,88.9705,1
11,hybrid,34709,0.6552,0.6552,0.6846,0.7739,6.6289,12.1499,0.0972,0.8156,0.0261,0.0242,91.2724,1
11,candidate,34709,0.6552,0.6552,0.6846,0.7739,6.6289,11.9648,0.0939,0.8156,0.0261,0.0237,90.9498,1
11,oracle,34709,1,1,1,1,0,0,0.1345,0.9854,0,0,87.0422,1
12,popularity,34724,0.1963,0.1963,0.1948,0.1899,27.2128,,,0.3092,0.3709,,,0.2889
12,onboarding,34724,0.6376,0.6376,0.6662,0.7524,7.1674,11.4921,0.081,0.8086,0.0309,0.0263,88.9626,1
12,hybrid,34724,0.6568,0.6568,0.6869,0.7788,6.4814,11.9049,0.0888,0.8242,0.0249,0.0228,91.2986,1
12,candidate,34724,0.6568,0.6568,0.6869,0.7788,6.4814,11.7562,0.0861,0.8242,0.0249,0.0221,91.0349,1
12,oracle,34724,1,1,1,1,0,0,0.1334,0.986,0.0001,0,87.1307,1
