id,segment,events,ratings,drifted,initialProfileRmse,finalProfileRmse,finalCandidateProfileRmse,candidateShiftDetected,candidateShiftMagnitude,learnedAtRating,loveRate,rejectionRate,uniqueTopRecommendations
synthetic-user-00001,casual,32,18,false,0.8399,0.4671,0.4671,false,0.35,6,0.8333,0,17
synthetic-user-00101,casual,21,12,false,0.4197,0.3788,0.3788,false,0.29,3,0.5,0,12
synthetic-user-00201,casual,31,15,true,0.3156,1.637,1.637,false,0.67,3,0.2,0.3333,16
synthetic-user-00301,novice,17,7,true,0.4041,1.4397,1.4397,false,0,,0.1429,0.2857,11
synthetic-user-00401,casual,25,12,true,0.9333,1.1904,1.1904,false,0.14,6,0.0833,0.0833,12
synthetic-user-00501,enthusiast,60,39,false,0.5624,0.4788,0.4788,false,0.34,3,0.4103,0.1538,20
synthetic-user-00601,casual,28,11,false,0.482,0.3654,0.3654,false,0,3,0.6364,0,14
synthetic-user-00701,enthusiast,65,48,true,0.6253,1.8108,1.8108,false,0.53,,0.4167,0.1458,19
synthetic-user-00801,casual,23,15,false,0.606,0.2946,0.2946,false,0.25,3,0.6,0.0667,15
synthetic-user-00901,casual,27,19,false,0.8787,0.7572,0.7572,false,0.09,,0.7895,0,8
synthetic-user-01001,enthusiast,41,32,true,0.7381,0.9657,0.9657,false,0.55,9,0.125,0.125,16
synthetic-user-01101,casual,28,17,false,0.6532,0.3454,0.3454,false,0.35,4,0.8235,0,13
synthetic-user-01201,novice,17,9,false,0.658,0.3653,0.3653,false,0,3,0.7778,0,10
synthetic-user-01301,novice,11,6,false,0.8868,0.634,0.634,false,0,5,0.3333,0.1667,8
synthetic-user-01401,novice,17,7,true,0.7378,1.2887,1.2887,false,0,,0.1429,0.4286,10
synthetic-user-01501,sommelier,147,117,false,0.4343,0.3814,0.3814,false,0.39,3,0.8547,0,26
synthetic-user-01601,novice,10,4,false,1.0076,0.7728,0.7728,false,0,4,0.5,0,9
synthetic-user-01701,novice,13,7,true,0.7325,1.3731,1.3731,false,0,,0.2857,0.4286,9
synthetic-user-01801,casual,26,15,false,1.5435,1.2405,1.2405,false,0.46,7,0.2,0.3333,14
synthetic-user-01901,casual,31,17,false,0.7978,0.3636,0.3636,false,0.41,5,0.8235,0,15
synthetic-user-02001,enthusiast,45,34,false,0.5467,0.4881,0.4881,false,0.32,3,0.6765,0.0882,16
synthetic-user-02101,casual,27,16,false,0.3789,0.4463,0.4463,false,0.16,3,0.6875,0,12
synthetic-user-02201,novice,13,5,false,0.8645,0.6913,0.6913,false,0,5,0.4,0.2,9
synthetic-user-02301,casual,26,14,false,0.4296,0.3569,0.3569,false,0.13,3,0.9286,0,11
synthetic-user-02401,novice,15,6,false,0.698,0.6819,0.6819,false,0,,0,0.1667,12
synthetic-user-02501,enthusiast,61,40,false,0.6589,0.5607,0.5607,false,0.3,3,0.725,0,21
synthetic-user-02601,casual,19,9,true,0.7857,1.1554,1.1554,false,0,,0.3333,0.4444,11
synthetic-user-02701,novice,13,6,false,0.8345,0.6553,0.6553,false,0,4,1,0,8
synthetic-user-02801,novice,12,6,false,0.652,0.6832,0.6832,false,0,,0,0.6667,10
synthetic-user-02901,enthusiast,47,28,true,0.7223,1.5896,1.5896,false,0.34,5,0.3929,0.0714,15
synthetic-user-03001,enthusiast,42,27,false,0.4178,0.3103,0.3103,false,0.31,3,0.6296,0.037,17
synthetic-user-03101,casual,32,23,false,0.9386,0.613,0.613,false,0.23,6,0.9565,0,13
synthetic-user-03201,enthusiast,40,27,false,0.67,0.5956,0.5956,false,0.36,,0.4444,0.0741,16
synthetic-user-03301,novice,13,6,false,0.4038,0.3851,0.3851,false,0,3,0.3333,0.1667,11
synthetic-user-03401,enthusiast,40,28,false,0.3088,0.401,0.401,false,0.32,3,0.8571,0,16
synthetic-user-03501,sommelier,136,109,true,0.4576,1.2472,1.2472,false,0.44,3,0.4404,0.1009,25
synthetic-user-03601,enthusiast,65,45,false,0.5781,0.6575,0.6575,false,0.41,3,0.8222,0,20
synthetic-user-03701,sommelier,129,110,false,0.2247,0.3921,0.3921,false,0.33,3,0.8091,0,23
synthetic-user-03801,enthusiast,61,39,false,0.7243,0.5136,0.5136,false,0.25,12,0.5128,0.0769,22
synthetic-user-03901,casual,22,11,false,0.6782,0.227,0.227,false,0,4,0.5455,0.0909,13
synthetic-user-04001,enthusiast,60,43,false,0.83,0.5771,0.5771,false,0.33,4,0.4186,0.1395,18
synthetic-user-04101,casual,23,12,false,0.7923,0.2515,0.2515,false,0.54,4,0.9167,0,10
synthetic-user-04201,novice,15,8,false,0.1494,0.4014,0.4014,false,0,3,0.875,0,9
synthetic-user-04301,casual,31,20,false,1.0621,1.0395,1.0395,false,0.27,,0.4,0.1,13
synthetic-user-04401,novice,15,8,true,0.6594,1.1876,1.1876,false,0,3,0.625,0.125,10
synthetic-user-04501,enthusiast,56,42,false,0.5528,0.2529,0.2529,false,0.59,3,0.7143,0,19
synthetic-user-04601,enthusiast,57,33,false,0.3015,0.3988,0.3988,false,0.21,3,0.6667,0.0303,16
synthetic-user-04701,novice,17,8,false,0.7323,0.6772,0.6772,false,0,,0,0.25,11
synthetic-user-04801,novice,14,6,false,1.2921,1.082,1.082,false,0,3,0.1667,0.1667,12
synthetic-user-04901,sommelier,138,114,false,0.3035,0.3204,0.3204,false,0.31,3,0.8421,0,25
synthetic-user-05001,casual,31,17,false,1.0173,0.4185,0.4185,false,0.41,3,0.6471,0,16
synthetic-user-05101,enthusiast,42,32,false,0.7222,0.6247,0.6247,false,0.4,3,0.4688,0.0938,16
synthetic-user-05201,novice,15,6,false,0.8001,0.5751,0.5751,false,0,3,0.3333,0,9
synthetic-user-05301,novice,16,8,false,0.59,0.6005,0.6005,false,0,,0.875,0,8
synthetic-user-05401,casual,28,16,false,0.4268,0.3835,0.3835,false,0.26,3,0.5,0.1875,14
synthetic-user-05501,novice,12,6,true,1.0484,0.8862,0.8862,false,0,3,0.6667,0,9
synthetic-user-05601,novice,11,4,false,0.8757,0.6538,0.6538,false,0,4,0.5,0,9
synthetic-user-05701,novice,13,7,false,1.0698,0.4894,0.4894,false,0,3,1,0,8
synthetic-user-05801,sommelier,129,101,false,0.2589,0.2531,0.2531,false,0.36,3,0.505,0.099,22
synthetic-user-05901,novice,11,6,true,1.2161,1.3247,1.3247,false,0,3,0.5,0,7
synthetic-user-06001,sommelier,150,113,true,0.4024,0.7379,0.7379,false,0.23,3,0.6726,0,28
synthetic-user-06101,casual,32,15,false,0.8906,0.8413,0.8413,false,0.4,,0.2667,0,19
synthetic-user-06201,novice,17,5,false,0.902,0.5547,0.5547,false,0,3,0.6,0,12
synthetic-user-06301,enthusiast,40,30,true,0.6546,0.9418,0.9418,false,0.27,,0.7,0,17
synthetic-user-06401,novice,15,5,false,0.7075,0.5584,0.5584,false,0,5,0.4,0,12
synthetic-user-06501,collector,69,53,false,0.4559,0.7378,0.7378,false,0.42,,0.4717,0.0189,19
synthetic-user-06601,novice,11,2,true,0.5442,0.7907,0.7907,false,0,,1,0,6
synthetic-user-06701,enthusiast,40,31,false,0.6453,0.4119,0.4119,false,0.44,5,0.4839,0.129,17
synthetic-user-06801,sommelier,110,96,false,0.3039,0.3035,0.3035,false,0.23,3,0.8958,0,25
synthetic-user-06901,enthusiast,41,31,false,0.4076,0.7485,0.7485,false,0.39,3,0.5161,0.0323,18
synthetic-user-07001,novice,17,3,false,0.9509,0.6671,0.6671,false,0,3,1,0,8
synthetic-user-07101,sommelier,115,97,true,0.296,1.2823,1.2823,false,0.39,3,0.5155,0,27
synthetic-user-07201,enthusiast,47,28,false,0.3024,0.4878,0.4878,false,0.24,3,0.8571,0,17
synthetic-user-07301,enthusiast,47,30,true,0.9527,0.498,0.498,false,0.42,4,0.7667,0.0333,19
synthetic-user-07401,novice,18,7,false,0.4584,0.4352,0.4352,false,0,3,0.4286,0,12
synthetic-user-07501,sommelier,98,86,true,0.4573,1.1741,1.1741,false,0.38,3,0.7791,0.0116,23
synthetic-user-07601,casual,31,20,false,0.5741,0.8736,0.8736,false,0.23,3,0.75,0,20
synthetic-user-07701,enthusiast,63,37,true,0.2479,1.3309,1.3309,false,0.26,3,0.6486,0.027,18
synthetic-user-07801,casual,23,14,false,1.2794,0.639,0.639,false,0.81,8,0.3571,0.4286,16
synthetic-user-07901,casual,20,11,false,0.9755,0.7564,0.7564,false,0,3,0.7273,0,9
synthetic-user-08001,novice,16,4,false,0.5814,0.4229,0.4229,false,0,3,0.75,0,7
synthetic-user-08101,novice,15,5,false,0.6782,0.5112,0.5112,false,0,3,0.6,0,9
synthetic-user-08201,sommelier,101,89,false,0.6652,0.248,0.248,false,0.43,6,0.8876,0,23
synthetic-user-08301,casual,23,14,true,1.1022,1.9015,1.9015,false,0.3,5,0.4286,0.1429,14
synthetic-user-08401,novice,16,7,false,1.0823,0.6903,0.6903,false,0,4,0.7143,0,10
synthetic-user-08501,enthusiast,40,31,false,0.4281,0.5011,0.5011,false,0.45,3,0.5484,0.0323,18
synthetic-user-08601,casual,25,13,false,1.0635,0.5234,0.5234,false,0.17,3,1,0,10
synthetic-user-08701,enthusiast,61,39,true,0.6513,0.6881,0.6881,false,0.3,5,0.8462,0,17
synthetic-user-08801,collector,91,63,false,0.3442,0.3522,0.3522,false,0.51,3,0.4762,0.0159,20
synthetic-user-08901,novice,15,9,false,1.5101,1.5554,1.5554,false,0,7,0.1111,0.4444,11
synthetic-user-09001,casual,33,18,false,0.8049,0.5308,0.5308,false,0.65,3,0.5556,0,18
synthetic-user-09101,enthusiast,63,46,false,0.4294,0.4396,0.4396,false,0.25,3,0.6739,0.0217,18
synthetic-user-09201,casual,29,13,false,0.6634,0.3402,0.3402,false,0.44,3,0.6154,0,16
synthetic-user-09301,enthusiast,50,29,false,0.4869,0.2737,0.2737,false,0.39,3,0.8276,0,18
synthetic-user-09401,novice,14,7,false,1.2955,1.0177,1.0177,false,0,6,0.2857,0,8
synthetic-user-09501,novice,14,4,true,0.6434,1.1511,1.1511,false,0,,0,0,9
synthetic-user-09601,casual,30,14,false,0.6195,0.5864,0.5864,false,0.29,3,0.6429,0,12
synthetic-user-09701,collector,83,64,true,0.5123,1.0032,1.0032,false,0.34,3,0.5469,0.0313,19
synthetic-user-09801,novice,14,4,true,1.0431,1.3686,1.3686,false,0,,0.25,0,9
synthetic-user-09901,casual,20,10,false,0.8445,0.5788,0.5788,false,0,3,0.9,0,12
