segment,strategy,events,precisionAt5,recallAt5,ndcgAt5,hitRateAt1,meanRegret,affinityMae,calibrationError,correctTopRate,rejectedTopRate,falseConfidenceRate,meanTopAffinity,catalogCoverage
novice,popularity,43370,0.1968,0.1968,0.1953,0.1894,27.3867,,,0.3132,0.3671,,,0.3
novice,onboarding,43370,0.5807,0.5807,0.6038,0.6745,9.3966,11.5628,0.0892,0.7717,0.0412,0.0296,86.0929,1
novice,hybrid,43370,0.6019,0.6019,0.6265,0.7015,8.6714,11.3943,0.0866,0.7896,0.0345,0.0261,87.6139,1
novice,candidate,43370,0.6019,0.6019,0.6265,0.7015,8.6714,9.6702,0.0476,0.7896,0.0345,0.021,83.714,1
novice,oracle,43370,1,1,1,1,0,0,0.128,0.9906,0,0,87.52,1
casual,popularity,71573,0.1963,0.1963,0.1946,0.1873,27.409,,,0.3157,0.3651,,,0.3333
casual,onboarding,71573,0.6109,0.6109,0.6375,0.718,8.1398,11.2972,0.0716,0.8037,0.0313,0.0254,87.5323,1
casual,hybrid,71573,0.6379,0.6379,0.666,0.7511,7.2586,11.1781,0.0703,0.8239,0.0248,0.0216,89.422,1
casual,candidate,71573,0.6379,0.6379,0.666,0.7511,7.2586,10.2109,0.047,0.8239,0.0248,0.0196,87.0907,1
casual,oracle,71573,1,1,1,1,0,0,0.1269,0.9905,0,0,87.6292,1
enthusiast,popularity,113600,0.1956,0.1956,0.1934,0.1845,27.5379,,,0.3165,0.3654,,,0.3389
enthusiast,onboarding,113600,0.6566,0.6566,0.6873,0.7809,6.4827,10.5221,0.0472,0.8443,0.0192,0.0167,89.1535,1
enthusiast,hybrid,113600,0.6753,0.6753,0.707,0.8038,5.8552,10.7149,0.0553,0.8554,0.0145,0.0135,91.0701,1
enthusiast,candidate,113600,0.6753,0.6753,0.707,0.8038,5.8552,10.3421,0.0453,0.8554,0.0145,0.0133,90.0731,1
enthusiast,oracle,113600,1,1,1,1,0,0,0.1257,0.9904,0,0,87.7564,1
collector,popularity,73554,0.1928,0.1928,0.1907,0.1828,27.7521,,,0.3098,0.3768,,,0.3111
collector,onboarding,73554,0.681,0.681,0.7136,0.8117,5.7107,10.1567,0.0416,0.8562,0.0129,0.0112,89.7743,1
collector,hybrid,73554,0.6897,0.6897,0.7225,0.8224,5.4096,10.6705,0.0543,0.8613,0.0113,0.0107,91.5637,1
collector,candidate,73554,0.6897,0.6897,0.7225,0.8224,5.4096,10.4328,0.0479,0.8613,0.0113,0.0106,90.9221,1
collector,oracle,73554,1,1,1,1,0,0,0.1261,0.9922,0,0,87.6563,1
sommelier,popularity,119625,0.1956,0.1956,0.194,0.1875,27.4062,,,0.3208,0.3599,,,0.3333
sommelier,onboarding,119625,0.6911,0.6911,0.7241,0.8242,5.2293,10.0386,0.0385,0.8638,0.0128,0.0116,90.2306,1
sommelier,hybrid,119625,0.6901,0.6901,0.723,0.823,5.272,10.8555,0.0575,0.8618,0.0126,0.0123,91.9304,1
sommelier,candidate,119625,0.6901,0.6901,0.723,0.823,5.272,10.7241,0.0537,0.8618,0.0126,0.0122,91.5458,1
sommelier,oracle,119625,1,1,1,1,0,0,0.1257,0.9905,0,0,87.758,1
